{
  "models": {
    "ALS": {
      "precision@5": 0.09129999999999999,
      "recall@5": 0.040890988615905954,
      "ndcg@5": 0.09492137941520486,
      "hit@5": 0.343,
      "precision@10": 0.08225,
      "recall@10": 0.07292768315851274,
      "ndcg@10": 0.09859418058713851,
      "hit@10": 0.497,
      "precision@20": 0.07555,
      "recall@20": 0.12717355605527217,
      "ndcg@20": 0.1146559477138064,
      "hit@20": 0.686,
      "coverage@20": 0.2144
    },
    "Two-Tower": {
      "precision@5": 0.037,
      "recall@5": 0.008345447237780612,
      "ndcg@5": 0.03814562049579732,
      "hit@5": 0.153,
      "precision@10": 0.037700000000000004,
      "recall@10": 0.01834779824470184,
      "ndcg@10": 0.03966338880304868,
      "hit@10": 0.255,
      "precision@20": 0.037,
      "recall@20": 0.036085964839226534,
      "ndcg@20": 0.0434148653323037,
      "hit@20": 0.3845,
      "coverage@20": 0.1312
    },
    "Two-Tower+Ranker": {
      "precision@5": 0.1049,
      "recall@5": 0.03970445438175503,
      "ndcg@5": 0.11737835948052054,
      "hit@5": 0.3755,
      "precision@10": 0.08530000000000001,
      "recall@10": 0.059568198256972724,
      "ndcg@10": 0.10828349334034397,
      "hit@10": 0.4955,
      "precision@20": 0.068875,
      "recall@20": 0.09088898571731624,
      "ndcg@20": 0.1080469466958175,
      "hit@20": 0.612,
      "coverage@20": 0.11584
    }
  },
  "best_model": "Two-Tower+Ranker"
}