{
  "models": {
    "ALS": {
      "precision@5": 0.09129999999999999,
      "recall@5": 0.040890988615905954,
      "ndcg@5": 0.09492137941520486,
      "hit@5": 0.343,
      "precision@10": 0.08225,
      "recall@10": 0.07292768315851274,
      "ndcg@10": 0.09859418058713851,
      "hit@10": 0.497,
      "precision@20": 0.07555,
      "recall@20": 0.12717355605527217,
      "ndcg@20": 0.1146559477138064,
      "hit@20": 0.686
    },
    "Two-Tower": {
      "precision@5": 0.037,
      "recall@5": 0.008345447237780612,
      "ndcg@5": 0.03814562049579732,
      "hit@5": 0.153,
      "precision@10": 0.037700000000000004,
      "recall@10": 0.01834779824470184,
      "ndcg@10": 0.03966338880304868,
      "hit@10": 0.255,
      "precision@20": 0.037,
      "recall@20": 0.036085964839226534,
      "ndcg@20": 0.0434148653323037,
      "hit@20": 0.3845,
      "coverage@20": 0.1312
    },
    "Two-Tower+Ranker": {
      "precision@5": 0.09140000000000001,
      "recall@5": 0.03228019094260031,
      "ndcg@5": 0.09916012616712375,
      "hit@5": 0.333,
      "precision@10": 0.07945,
      "recall@10": 0.05284252016357055,
      "ndcg@10": 0.09528216016697397,
      "hit@10": 0.463,
      "precision@20": 0.066775,
      "recall@20": 0.08462058916740128,
      "ndcg@20": 0.09737303072384453,
      "hit@20": 0.5905,
      "coverage@20": 0.12416
    }
  },
  "best_model": "ALS"
}